term,dim1,dim2,distance_from_origin,angle_deg,inside_dashed_circle,characteristic_of
acid,-0.855,2.509,2.650,108.8,no,1975-1979
activity,-1.263,0.405,1.326,162.2,no,
age,-0.356,0.391,0.529,132.3,no,1975-1979;1980-1989
animal,-0.910,0.729,1.166,141.3,no,1980-1989
aorta,-0.600,1.460,1.578,112.3,no,1975-1979
application,2.123,1.751,2.752,39.5,no,2020-2025
artery,-0.205,-0.539,0.577,-110.8,no,2000-2009
clinical,1.226,-0.107,1.231,-5.0,no,2010-2019
collagen,-0.153,0.042,0.159,164.8,yes,
component,-0.425,-0.327,0.536,-142.4,no,1990-1999
concentration,-0.638,0.250,0.685,158.6,no,
content,-0.587,0.794,0.987,126.5,no,1975-1979;1980-1989
culture,-1.268,-0.276,1.298,-167.7,no,
day,-0.513,-0.562,0.761,-132.4,no,
disease,0.864,0.356,0.934,22.4,no,
drug,1.787,1.726,2.484,44.0,no,2020-2025
elastase,-3.161,2.471,4.012,142.0,no,1980-1989
elastic,-0.369,-0.493,0.616,-126.8,no,
elastin,-0.925,0.520,1.061,150.7,no,1980-1989
enzyme,-1.983,1.410,2.433,144.6,no,1980-1989
expression,1.168,-1.156,1.644,-44.7,no,
factor,0.871,-0.898,1.251,-45.9,no,
fiber,-0.032,0.289,0.290,96.3,yes,
function,1.006,0.028,1.006,1.6,no,2010-2019
gene,0.422,-2.581,2.616,-80.7,no,
graft,1.500,0.664,1.640,23.9,no,
human,-0.176,0.366,0.406,115.7,yes,
increase,-0.668,-0.648,0.931,-135.9,no,1990-1999
inhibitor,-1.270,-0.336,1.314,-165.2,no,
lung,-1.034,0.254,1.065,166.2,no,
material,0.817,1.303,1.538,57.9,no,2020-2025
matrix,0.397,-1.320,1.379,-73.3,no,
mechanical,1.173,0.183,1.187,8.9,no,2010-2019
membrane,-0.863,0.914,1.257,133.4,no,1975-1979;1980-1989
model,1.356,0.679,1.516,26.6,no,
mouse,1.503,0.488,1.580,18.0,no,2010-2019
muscle,-0.450,-0.255,0.517,-150.4,no,1990-1999
normal,-1.307,-1.870,2.282,-124.9,no,
polymer,1.218,-0.951,1.545,-38.0,no,
polypeptide,1.069,0.618,1.235,30.0,no,2020-2025
potential,1.680,1.120,2.019,33.7,no,2020-2025
presence,-1.081,-0.406,1.155,-159.4,no,1990-1999
property,1.099,0.796,1.357,35.9,no,2020-2025
pulmonary,-0.485,-0.225,0.535,-155.1,no,1990-1999
rat,-1.064,-0.567,1.206,-151.9,no,1990-1999
region,-0.477,-1.991,2.048,-103.5,no,2000-2009
scaffold,1.964,0.416,2.008,12.0,no,2010-2019
sequence,-0.709,-2.542,2.639,-105.6,no,2000-2009
similar,-0.555,-0.372,0.668,-146.1,no,1990-1999
skin,0.946,0.828,1.257,41.2,no,2020-2025
smooth,-0.408,-0.659,0.775,-121.8,no,
stiffness,1.557,0.711,1.712,24.5,no,
syndrome,-0.152,-2.455,2.460,-93.5,no,2000-2009
synthesis,-1.227,1.192,1.710,135.8,no,1975-1979;1980-1989
treatment,1.156,1.113,1.605,43.9,no,2020-2025
tropoelastin,-1.668,-1.659,2.353,-135.1,no,1990-1999
type,-0.304,-0.898,0.948,-108.7,no,2000-2009
valve,0.820,-2.152,2.303,-69.1,no,
vascular,1.189,0.035,1.190,1.7,no,2010-2019
wall,-0.086,-1.195,1.198,-94.1,no,2000-2009
