term,subgraph,frequency
elastin,2,23283
cell,2,19879
collagen,2,15847
tissue,2,15719
protein,2,13156
fiber,2,11459
matrix,2,9502
expression,7,8562
effect,2,6727
level,7,6212
group,6,7155
control,6,5520
gene,7,5438
wall,1,5721
artery,1,5252
muscle,1,5047
component,2,3813
factor,9,4383
growth,9,3734
aorta,1,4711
aneurysm,1,3328
vessel,1,3243
blood,1,2708
pressure,1,2859
activity,4,6059
enzyme,4,2580
vitro,8,2601
vivo,8,2409
temperature,3,2132
polypeptide,3,1931
elastic,2,9965
aortic,1,8653
human,2,6938
vascular,1,5991
extracellular,2,5594
property,11,5920
mechanical,11,4700
smooth,1,3646
arterial,1,3459
lung,10,6442
pulmonary,10,2757
skin,5,7735
dermal,5,1873
fibroblast,5,2957
