source,target,subgraph_source,subgraph_target,within_subgraph
elastin,cell,2,2,yes
elastin,collagen,2,2,yes
cell,collagen,2,2,yes
elastin,tissue,2,2,yes
cell,tissue,2,2,yes
collagen,tissue,2,2,yes
elastin,protein,2,2,yes
cell,protein,2,2,yes
tissue,protein,2,2,yes
collagen,fiber,2,2,yes
tissue,fiber,2,2,yes
elastin,matrix,2,2,yes
cell,matrix,2,2,yes
collagen,matrix,2,2,yes
tissue,matrix,2,2,yes
protein,matrix,2,2,yes
cell,expression,2,7,no
protein,expression,2,7,no
matrix,expression,2,7,no
elastin,effect,2,2,yes
expression,level,7,7,yes
group,control,6,6,yes
expression,gene,7,7,yes
wall,artery,1,1,yes
cell,muscle,2,1,no
matrix,component,2,2,yes
factor,growth,9,9,yes
aorta,aneurysm,1,1,yes
vessel,blood,1,1,yes
blood,pressure,1,1,yes
activity,enzyme,4,4,yes
vitro,vivo,8,8,yes
temperature,polypeptide,3,3,yes
tissue,elastic,2,2,yes
fiber,elastic,2,2,yes
wall,aortic,1,1,yes
aorta,aortic,1,1,yes
aneurysm,aortic,1,1,yes
elastin,human,2,2,yes
cell,human,2,2,yes
artery,vascular,1,1,yes
muscle,vascular,1,1,yes
vessel,vascular,1,1,yes
elastin,extracellular,2,2,yes
cell,extracellular,2,2,yes
collagen,extracellular,2,2,yes
tissue,extracellular,2,2,yes
protein,extracellular,2,2,yes
matrix,extracellular,2,2,yes
component,extracellular,2,2,yes
property,mechanical,11,11,yes
cell,smooth,2,1,no
muscle,smooth,1,1,yes
aortic,smooth,1,1,yes
vascular,smooth,1,1,yes
wall,arterial,1,1,yes
artery,arterial,1,1,yes
lung,pulmonary,10,10,yes
skin,dermal,5,5,yes
dermal,fibroblast,5,5,yes
