term,part_of_speech,frequency,rank,cluster,subgraph_figure2,used_in_figure3
elastin,noun,23283,1,4,2,yes
cell,noun,19879,2,4,2,no
collagen,noun,15847,3,4,2,yes
tissue,noun,15719,4,4,2,no
protein,noun,13156,5,4,2,no
fiber,noun,11459,6,7,2,yes
elastic,adjective,9965,7,7,2,yes
matrix,noun,9502,8,4,2,yes
aortic,adjective,8653,9,1,1,no
expression,noun,8562,10,5,7,yes
patient,noun,7957,11,5,,no
skin,noun,7735,12,3,5,yes
group,noun,7155,13,6,6,no
mouse,noun,7087,14,6,,yes
human,adjective,6938,15,4,2,yes
effect,noun,6727,16,6,2,no
lung,noun,6442,17,5,10,yes
model,noun,6356,18,6,,yes
level,noun,6212,19,5,7,no
activity,noun,6059,20,5,4,yes
vascular,adjective,5991,21,1,1,yes
property,noun,5920,22,7,11,yes
change,noun,5817,23,6,,no
wall,noun,5721,24,1,1,yes
disease,noun,5651,25,5,,yes
extracellular,adjective,5594,26,4,2,no
control,noun,5520,27,6,6,no
gene,noun,5438,28,5,7,yes
artery,noun,5252,29,1,1,yes
structure,noun,5086,30,7,,no
treatment,noun,5085,31,6,,yes
muscle,noun,5047,32,1,1,yes
type,noun,4976,33,7,,yes
rat,noun,4868,34,6,,yes
aorta,noun,4711,35,1,1,yes
mechanical,adjective,4700,36,7,11,yes
role,noun,4445,37,5,,no
factor,noun,4383,38,5,9,yes
development,noun,4116,39,5,,no
day,noun,4074,40,6,,yes
peptide,noun,3962,41,2,,no
increase,noun,3926,42,6,,yes
formation,noun,3863,43,5,,no
different,adjective,3835,44,7,,no
significant,adjective,3831,45,6,,no
component,noun,3813,46,4,2,yes
function,noun,3809,47,7,,yes
growth,noun,3734,48,5,9,no
material,noun,3729,49,2,,yes
smooth,adjective,3646,50,1,1,yes
acid,noun,3643,51,2,,yes
normal,adjective,3502,52,7,,yes
arterial,adjective,3459,53,1,1,no
elastase,noun,3363,54,5,,yes
aneurysm,noun,3328,55,1,1,no
scaffold,noun,3318,56,3,,yes
content,noun,3284,57,6,,yes
vessel,noun,3243,58,1,1,no
process,noun,3216,59,5,,no
system,noun,3167,60,2,,no
response,noun,3099,61,6,,no
age,noun,3060,62,6,,yes
high,adjective,3025,63,7,,no
mechanism,noun,3015,64,5,,no
higher,adjective,2987,65,6,,no
fibroblast,noun,2957,66,3,5,no
structural,adjective,2953,67,7,,no
similar,adjective,2935,68,7,,yes
pressure,noun,2859,69,1,1,no
clinical,adjective,2854,70,5,,yes
degradation,noun,2823,71,5,,no
pulmonary,adjective,2757,72,5,10,yes
application,noun,2730,73,2,,yes
blood,noun,2708,74,1,1,no
surface,noun,2701,75,7,,no
difference,noun,2683,76,6,,no
time,noun,2679,77,7,,no
concentration,noun,2676,78,7,,yes
week,noun,2643,79,6,,no
vitro,noun,2601,80,3,8,no
enzyme,noun,2580,81,5,4,yes
sample,noun,2543,82,7,,no
layer,noun,2521,83,7,,no
tropoelastin,noun,2505,84,3,,yes
molecular,adjective,2489,85,5,,no
important,adjective,2428,86,5,,no
animal,noun,2423,87,6,,yes
inhibitor,noun,2410,88,5,,yes
vivo,noun,2409,89,3,8,no
culture,noun,2362,90,3,,yes
region,noun,2348,91,7,,yes
area,noun,2323,92,7,,no
stress,noun,2323,93,7,,no
new,adjective,2321,94,2,,no
production,noun,2300,95,3,,no
condition,noun,2289,96,7,,no
valve,noun,2289,97,7,,yes
sequence,noun,2269,98,2,,yes
microscopy,noun,2260,99,7,,no
interaction,noun,2153,100,5,,no
temperature,noun,2132,101,2,3,no
stiffness,noun,2126,102,7,,yes
case,noun,2113,103,5,,no
presence,noun,2107,104,7,,yes
strain,noun,2088,105,7,,no
potential,adjective,2082,106,2,,yes
graft,noun,2074,107,3,,yes
synthesis,noun,2050,108,3,,yes
diameter,noun,2037,109,1,,no
proliferation,noun,1987,110,3,,no
specific,adjective,1987,111,7,,no
lower,adjective,1963,112,6,,no
polymer,noun,1960,113,2,,yes
polypeptide,noun,1931,114,2,3,yes
syndrome,noun,1912,115,5,,yes
membrane,noun,1904,116,7,,yes
number,noun,1898,117,7,,no
dermal,adjective,1873,118,3,5,no
endothelial,adjective,1851,119,3,,no
drug,noun,1836,120,2,,yes
